run_id,model,profile,repetition,endpoint,measured_arrivals,successful_completions_in_window,completions_per_minute,failures,error_percent,p50_ms,p95_ms,p99_ms,pending_at_window_end
normal-llama1-r1,llama1,normal,1,POST tickets,181,181,12.0667,0,0.0,2266.0,6013.0,6305.8,0
normal-llama1-r1,llama1,normal,1,GET search,37,37,2.4667,0,0.0,33.0,3577.4,4493.24,0
normal-llama1-r1,llama1,normal,1,GET stats,10,10,0.6667,0,0.0,25.0,2718.65,2755.73,0
normal-llama1-r2,llama1,normal,2,POST tickets,183,183,12.2,0,0.0,2376.0,5540.6,6700.26,0
normal-llama1-r2,llama1,normal,2,GET search,35,35,2.3333,0,0.0,45.0,5611.4,5741.28,0
normal-llama1-r2,llama1,normal,2,GET stats,9,9,0.6,0,0.0,2176.0,2818.6,2830.12,0
normal-llama1-r3,llama1,normal,3,POST tickets,181,183,12.2,0,0.0,2209.0,7999.0,10772.2,0
normal-llama1-r3,llama1,normal,3,GET search,37,37,2.4667,0,0.0,62.0,2945.8,4060.84,0
normal-llama1-r3,llama1,normal,3,GET stats,8,8,0.5333,0,0.0,133.0,4090.35,4605.27,0
peak-llama1-r1,llama1,peak,1,POST tickets,368,304,30.4,0,0.0,54846.5,121417.9,123721.95,67
peak-llama1-r1,llama1,peak,1,GET search,73,65,6.5,0,0.0,51723.0,108322.4,121713.88,8
peak-llama1-r1,llama1,peak,1,GET stats,19,18,1.8,0,0.0,50983.0,93659.6,111217.52,1
peak-llama1-r2,llama1,peak,2,POST tickets,360,299,29.9,0,0.0,61404.5,142301.05,146431.54,77
peak-llama1-r2,llama1,peak,2,GET search,73,64,6.4,0,0.0,51526.0,141461.8,145655.96,13
peak-llama1-r2,llama1,peak,2,GET stats,17,15,1.5,0,0.0,48376.0,124909.2,132253.84,3
peak-llama1-r3,llama1,peak,3,POST tickets,364,309,30.9,0,0.0,75624.0,122770.1,125028.36,64
peak-llama1-r3,llama1,peak,3,GET search,73,66,6.6,0,0.0,81737.0,118973.4,123349.56,12
peak-llama1-r3,llama1,peak,3,GET stats,18,17,1.7,0,0.0,57754.5,117692.5,123044.1,2
read-heavy-llama1-r1,llama1,read-heavy,1,POST tickets,126,126,12.6,0,0.0,2216.0,5237.25,6654.25,0
read-heavy-llama1-r1,llama1,read-heavy,1,GET search,48,48,4.8,0,0.0,37.0,3040.45,4006.31,0
read-heavy-llama1-r1,llama1,read-heavy,1,GET stats,13,13,1.3,0,0.0,22.0,2790.6,3042.12,0
read-heavy-llama1-r2,llama1,read-heavy,2,POST tickets,125,126,12.6,0,0.0,2290.0,7557.6,9317.64,0
read-heavy-llama1-r2,llama1,read-heavy,2,GET search,50,50,5.0,0,0.0,36.0,3986.8,5854.04,0
read-heavy-llama1-r2,llama1,read-heavy,2,GET stats,12,12,1.2,0,0.0,134.5,6942.5,7210.9,0
read-heavy-llama1-r3,llama1,read-heavy,3,POST tickets,121,122,12.2,0,0.0,2291.0,6210.0,7797.8,0
read-heavy-llama1-r3,llama1,read-heavy,3,GET search,49,49,4.9,0,0.0,53.0,4221.6,6102.24,0
read-heavy-llama1-r3,llama1,read-heavy,3,GET stats,11,11,1.1,0,0.0,24.0,4222.0,4295.6,0
normal-qwen06-r1,qwen06,normal,1,POST tickets,181,181,12.0667,0,0.0,1361.0,3195.0,3725.4,0
normal-qwen06-r1,qwen06,normal,1,GET search,37,37,2.4667,0,0.0,33.0,1830.6,2677.64,0
normal-qwen06-r1,qwen06,normal,1,GET stats,10,10,0.6667,0,0.0,31.0,1362.5,1726.1,0
normal-qwen06-r2,qwen06,normal,2,POST tickets,183,183,12.2,0,0.0,1304.0,3189.7,3582.5,0
normal-qwen06-r2,qwen06,normal,2,GET search,35,35,2.3333,0,0.0,36.0,2897.5,3324.02,0
normal-qwen06-r2,qwen06,normal,2,GET stats,9,9,0.6,0,0.0,27.0,1438.8,1463.76,0
normal-qwen06-r3,qwen06,normal,3,POST tickets,181,182,12.1333,0,0.0,1262.0,3929.0,5197.4,0
normal-qwen06-r3,qwen06,normal,3,GET search,37,37,2.4667,0,0.0,33.0,1095.0,1919.48,0
normal-qwen06-r3,qwen06,normal,3,GET stats,8,8,0.5333,0,0.0,26.0,1349.95,1518.79,0
peak-qwen06-r1,qwen06,peak,1,POST tickets,368,367,36.7,0,0.0,3272.5,8151.4,11422.52,1
peak-qwen06-r1,qwen06,peak,1,GET search,73,73,7.3,0,0.0,2060.0,6112.8,10478.8,0
peak-qwen06-r1,qwen06,peak,1,GET stats,19,19,1.9,0,0.0,402.0,4536.0,5025.6,0
peak-qwen06-r2,qwen06,peak,2,POST tickets,360,360,36.0,0,0.0,3384.0,8495.65,15675.07,0
peak-qwen06-r2,qwen06,peak,2,GET search,73,73,7.3,0,0.0,1887.0,10855.6,14640.84,0
peak-qwen06-r2,qwen06,peak,2,GET stats,17,17,1.7,0,0.0,2702.0,7011.4,11582.28,0
peak-qwen06-r3,qwen06,peak,3,POST tickets,364,366,36.6,0,0.0,3624.0,10363.8,13378.65,1
peak-qwen06-r3,qwen06,peak,3,GET search,73,73,7.3,0,0.0,2462.0,8386.2,13728.0,0
peak-qwen06-r3,qwen06,peak,3,GET stats,18,19,1.9,0,0.0,2313.0,6118.75,6598.15,0
read-heavy-qwen06-r1,qwen06,read-heavy,1,POST tickets,126,126,12.6,0,0.0,1485.0,3264.75,4299.75,0
read-heavy-qwen06-r1,qwen06,read-heavy,1,GET search,48,48,4.8,0,0.0,30.5,1826.45,2455.63,0
read-heavy-qwen06-r1,qwen06,read-heavy,1,GET stats,13,13,1.3,0,0.0,23.0,2128.6,2526.52,0
read-heavy-qwen06-r2,qwen06,read-heavy,2,POST tickets,125,125,12.5,0,0.0,1447.0,4262.4,4931.28,0
read-heavy-qwen06-r2,qwen06,read-heavy,2,GET search,50,50,5.0,0,0.0,31.0,2462.35,3899.23,0
read-heavy-qwen06-r2,qwen06,read-heavy,2,GET stats,12,12,1.2,0,0.0,50.5,4257.1,4740.22,0
read-heavy-qwen06-r3,qwen06,read-heavy,3,POST tickets,121,121,12.1,0,0.0,1432.0,3366.0,4692.4,0
read-heavy-qwen06-r3,qwen06,read-heavy,3,GET search,49,49,4.9,0,0.0,33.0,2145.0,3423.16,0
read-heavy-qwen06-r3,qwen06,read-heavy,3,GET stats,11,11,1.1,0,0.0,23.0,2535.5,2924.7,0
normal-qwen17-r1,qwen17,normal,1,POST tickets,181,180,12.0,0,0.0,4070.0,9572.0,11029.8,1
normal-qwen17-r1,qwen17,normal,1,GET search,37,37,2.4667,0,0.0,768.0,5805.2,6880.24,0
normal-qwen17-r1,qwen17,normal,1,GET stats,10,10,0.6667,0,0.0,25.5,3489.55,3756.31,0
normal-qwen17-r2,qwen17,normal,2,POST tickets,183,183,12.2,1,0.546,4327.0,10764.6,13556.04,1
normal-qwen17-r2,qwen17,normal,2,GET search,35,35,2.3333,0,0.0,974.0,9179.3,12556.7,0
normal-qwen17-r2,qwen17,normal,2,GET stats,9,9,0.6,0,0.0,4259.0,7388.8,8336.96,0
normal-qwen17-r3,qwen17,normal,3,POST tickets,181,184,12.2667,0,0.0,3466.0,13259.0,18546.0,0
normal-qwen17-r3,qwen17,normal,3,GET search,37,37,2.4667,0,0.0,783.0,8682.0,11450.8,0
normal-qwen17-r3,qwen17,normal,3,GET stats,8,8,0.5333,0,0.0,737.0,7842.4,9370.08,0
peak-qwen17-r1,qwen17,peak,1,POST tickets,368,222,22.2,95,25.815,206498.0,300010.0,300016.33,150
peak-qwen17-r1,qwen17,peak,1,GET search,73,54,5.4,13,17.808,165087.0,300007.0,300010.56,22
peak-qwen17-r1,qwen17,peak,1,GET stats,19,17,1.7,2,10.526,179393.0,288370.0,297679.6,3
peak-qwen17-r2,qwen17,peak,2,POST tickets,360,208,20.8,133,36.944,200767.5,300009.05,300015.0,154
peak-qwen17-r2,qwen17,peak,2,GET search,73,47,4.7,16,21.918,196477.0,300012.0,300013.28,31
peak-qwen17-r2,qwen17,peak,2,GET stats,17,11,1.1,4,23.529,212650.0,300005.0,300005.0,8
peak-qwen17-r3,qwen17,peak,3,POST tickets,364,212,21.2,121,33.242,215713.5,300009.85,300013.37,138
peak-qwen17-r3,qwen17,peak,3,GET search,73,44,4.4,28,38.356,221108.0,300009.4,300010.84,32
peak-qwen17-r3,qwen17,peak,3,GET stats,18,14,1.4,4,22.222,138391.5,291353.0,298275.4,4
read-heavy-qwen17-r1,qwen17,read-heavy,1,POST tickets,126,126,12.6,0,0.0,4031.0,9153.5,12281.5,0
read-heavy-qwen17-r1,qwen17,read-heavy,1,GET search,48,48,4.8,0,0.0,33.0,5501.65,10175.86,0
read-heavy-qwen17-r1,qwen17,read-heavy,1,GET stats,13,13,1.3,0,0.0,1278.0,6473.2,8178.64,0
read-heavy-qwen17-r2,qwen17,read-heavy,2,POST tickets,125,124,12.4,0,0.0,3631.0,11987.0,14365.28,2
read-heavy-qwen17-r2,qwen17,read-heavy,2,GET search,50,50,5.0,0,0.0,38.0,7841.35,10381.37,0
read-heavy-qwen17-r2,qwen17,read-heavy,2,GET stats,12,12,1.2,0,0.0,1001.0,10859.0,11211.0,0
read-heavy-qwen17-r3,qwen17,read-heavy,3,POST tickets,121,122,12.2,0,0.0,3498.0,10619.0,14044.6,0
read-heavy-qwen17-r3,qwen17,read-heavy,3,GET search,49,49,4.9,0,0.0,1243.0,7642.8,10233.96,0
read-heavy-qwen17-r3,qwen17,read-heavy,3,GET stats,11,11,1.1,0,0.0,32.0,7736.0,8520.8,0
normal-llama3-r1,llama3,normal,1,POST tickets,181,170,11.3333,0,0.0,31229.0,96543.0,105954.8,20
normal-llama3-r1,llama3,normal,1,GET search,37,36,2.4,0,0.0,18289.0,85199.2,95760.0,2
normal-llama3-r1,llama3,normal,1,GET stats,10,10,0.6667,0,0.0,9726.0,53412.25,64109.65,0
normal-llama3-r2,llama3,normal,2,POST tickets,183,163,10.8667,0,0.0,35235.0,118361.5,121326.2,25
normal-llama3-r2,llama3,normal,2,GET search,35,34,2.2667,0,0.0,29570.0,90583.9,105869.16,1
normal-llama3-r2,llama3,normal,2,GET stats,9,9,0.6,0,0.0,32106.0,70304.0,74428.8,0
normal-llama3-r3,llama3,normal,3,POST tickets,181,172,11.4667,0,0.0,65828.0,107268.0,120601.2,12
normal-llama3-r3,llama3,normal,3,GET search,37,33,2.2,0,0.0,65491.0,99712.4,108440.08,4
normal-llama3-r3,llama3,normal,3,GET stats,8,8,0.5333,0,0.0,10068.0,103137.3,105517.86,0
peak-llama3-r1,llama3,peak,1,POST tickets,368,69,6.9,347,94.293,244835.5,300011.65,300015.33,127
peak-llama3-r1,llama3,peak,1,GET search,73,19,1.9,64,87.671,274275.0,300013.0,300016.52,23
peak-llama3-r1,llama3,peak,1,GET stats,19,5,0.5,16,84.211,134778.0,300008.4,300011.28,3
peak-llama3-r2,llama3,peak,2,POST tickets,360,71,7.1,337,93.611,284065.5,300013.0,300017.41,134
peak-llama3-r2,llama3,peak,2,GET search,73,19,1.9,67,91.781,300006.0,300013.0,300014.0,26
peak-llama3-r2,llama3,peak,2,GET stats,17,5,0.5,15,88.235,135077.0,300011.4,300012.68,4
peak-llama3-r3,llama3,peak,3,POST tickets,364,69,6.9,337,92.582,224425.5,300013.0,300016.0,106
peak-llama3-r3,llama3,peak,3,GET search,73,16,1.6,70,95.89,300005.0,300012.4,300021.28,24
peak-llama3-r3,llama3,peak,3,GET stats,18,7,0.7,13,72.222,202146.5,300011.65,300019.13,3
read-heavy-llama3-r1,llama3,read-heavy,1,POST tickets,126,114,11.4,0,0.0,41150.5,96124.25,105349.5,18
read-heavy-llama3-r1,llama3,read-heavy,1,GET search,48,47,4.7,0,0.0,36630.5,98988.0,101522.45,6
read-heavy-llama3-r1,llama3,read-heavy,1,GET stats,13,14,1.4,0,0.0,25448.0,61069.6,89362.72,0
read-heavy-llama3-r2,llama3,read-heavy,2,POST tickets,125,119,11.9,0,0.0,29297.0,48659.0,56509.64,8
read-heavy-llama3-r2,llama3,read-heavy,2,GET search,50,46,4.6,0,0.0,26242.5,44377.7,49229.76,4
read-heavy-llama3-r2,llama3,read-heavy,2,GET stats,12,12,1.2,0,0.0,21216.5,44663.7,46294.34,0
read-heavy-llama3-r3,llama3,read-heavy,3,POST tickets,121,110,11.0,0,0.0,47389.0,90188.0,93113.0,14
read-heavy-llama3-r3,llama3,read-heavy,3,GET search,49,46,4.6,0,0.0,46833.0,86590.8,92303.76,6
read-heavy-llama3-r3,llama3,read-heavy,3,GET stats,11,12,1.2,0,0.0,22853.0,88270.5,88872.5,0
