row,expected,predicted,correct,status,model,request_id,client_elapsed_ms,ticket_id,error
10021,Credit card,Credit reporting,False,201,llama3.2:3b-instruct-q4_K_M,f0c10d02-cbed-44b5-8501-bbe860371ece,116987.689,1,
10041,Debt collection,Credit reporting,False,201,llama3.2:3b-instruct-q4_K_M,4f95d7c5-357b-4c75-9111-810456db0027,25204.753,2,
10043,Money transfer or service,Money transfer or service,True,201,llama3.2:3b-instruct-q4_K_M,ec03ca2a-cc3b-41b7-b337-6ee438373c39,50608.26,3,
10044,Consumer loan,Consumer loan,True,201,llama3.2:3b-instruct-q4_K_M,3230b5b3-0014-4bdd-bd8f-edad2d60a4b4,12176.758,4,
10047,Credit reporting,Credit reporting,True,201,llama3.2:3b-instruct-q4_K_M,47c0a2dc-2770-46c0-88da-fd905bbc4d65,9516.98,5,
10067,Credit reporting,Credit reporting,True,201,llama3.2:3b-instruct-q4_K_M,b16dfb0b-ebd3-4d23-8d83-400bf50c64ed,25370.253,6,
10069,Credit reporting,Debt collection,False,201,llama3.2:3b-instruct-q4_K_M,6c2bbcd2-a6c5-4117-b090-48d60668a9a7,7661.918,7,
10073,Consumer loan,Credit reporting,False,201,llama3.2:3b-instruct-q4_K_M,bd17d010-3f59-4489-a293-4c4572ffdce6,23821.623,8,
10076,Bank account or service,Bank account or service,True,201,llama3.2:3b-instruct-q4_K_M,c2d75b2b-3f5f-4a5e-af76-908c1cfa6426,23134.146,9,
10078,Money transfer or service,Consumer loan,False,201,llama3.2:3b-instruct-q4_K_M,0d3da320-1c22-4557-a0b5-513d4702c7e6,57402.623,10,
10083,Credit reporting,Credit reporting,True,201,llama3.2:3b-instruct-q4_K_M,ba88d0fa-79ed-4b38-a842-653054aa67d7,29751.229,11,
10085,Credit card,Credit reporting,False,201,llama3.2:3b-instruct-q4_K_M,b7a88dfe-28e7-49a8-b5e9-478dacd1a03c,49371.896,12,
10087,Credit reporting,Credit reporting,True,201,llama3.2:3b-instruct-q4_K_M,ae5860f5-e855-4f82-900b-63887e6d5897,30254.698,13,
10094,Bank account or service,Credit reporting,False,201,llama3.2:3b-instruct-q4_K_M,82994956-f89e-431d-b713-2d6e05a08c4b,52100.014,14,
10095,Credit reporting,Credit reporting,True,201,llama3.2:3b-instruct-q4_K_M,b11f25e8-fcc7-491b-8d1f-6dbba6c1c805,47919.258,15,
10097,Credit reporting,Credit reporting,True,201,llama3.2:3b-instruct-q4_K_M,94c14bb2-e970-4427-bb67-e2ba63701e33,70056.081,16,
10098,Consumer loan,Consumer loan,True,201,llama3.2:3b-instruct-q4_K_M,1ef244c1-615f-43d2-a51b-9ecfc65d0ac1,63141.038,17,
10101,Bank account or service,Bank account or service,True,201,llama3.2:3b-instruct-q4_K_M,5f6e86c2-b5f9-45fe-9226-100a80cf23a9,14220.4,18,
10105,Credit reporting,Credit reporting,True,201,llama3.2:3b-instruct-q4_K_M,00314312-e025-4908-be5e-c1982d1b15bb,17588.548,19,
10106,Credit card,Credit card,True,201,llama3.2:3b-instruct-q4_K_M,986befe8-cd79-45c7-a158-8c245d213883,45627.413,20,
10109,Money transfer or service,Credit reporting,False,201,llama3.2:3b-instruct-q4_K_M,1266068e-06c6-4d41-a4eb-e39b54d214f8,22392.694,21,
10111,Money transfer or service,Consumer loan,False,201,llama3.2:3b-instruct-q4_K_M,7d50fb93-8d45-4fab-bf7e-ad99494ea7bb,16244.305,22,
10113,Mortgage,Mortgage,True,201,llama3.2:3b-instruct-q4_K_M,61b31181-23c4-49f6-8dc4-f63dcc312350,27770.625,23,
10114,Consumer loan,Consumer loan,True,201,llama3.2:3b-instruct-q4_K_M,2d2532b8-8ebc-465a-8faf-da804993ed0e,56495.56,24,
10125,Credit reporting,Credit reporting,True,201,llama3.2:3b-instruct-q4_K_M,770ebcce-357f-4caa-8cd7-ca69aad40155,39474.581,25,
10126,Debt collection,Credit reporting,False,201,llama3.2:3b-instruct-q4_K_M,8b5c3d63-ab82-4b71-bb19-8b4b7a2126fc,59124.029,26,
10130,Mortgage,Mortgage,True,201,llama3.2:3b-instruct-q4_K_M,9ced3cb2-cb5c-4e4a-8143-971d300a2753,85772.175,27,
10134,Mortgage,Mortgage,True,201,llama3.2:3b-instruct-q4_K_M,8593fa91-8a4a-4b38-b5f3-a234e75614bb,84976.46,28,
10138,Consumer loan,Credit reporting,False,201,llama3.2:3b-instruct-q4_K_M,fc3220d7-46ec-4e09-9efb-e6cb85def8a9,99634.212,29,
10139,Credit reporting,Credit reporting,True,201,llama3.2:3b-instruct-q4_K_M,222ef6f7-39cb-4215-887d-c14eb0658d4a,51933.514,30,
10147,Bank account or service,Credit reporting,False,201,llama3.2:3b-instruct-q4_K_M,7924752e-48f6-49df-b0f1-4e966d2c68eb,30104.285,31,
10149,Credit card,Credit reporting,False,201,llama3.2:3b-instruct-q4_K_M,fc1862b0-81a2-4f6a-8e99-8abe2936bbfd,40970.033,32,
10151,Debt collection,Debt collection,True,201,llama3.2:3b-instruct-q4_K_M,b57607c5-2333-4b2f-8f01-821dc735d27c,13789.131,33,
10152,Money transfer or service,Bank account or service,False,201,llama3.2:3b-instruct-q4_K_M,33a2b3e2-e28d-40e3-87db-65f8c20ab909,32036.555,34,
10155,Credit reporting,Credit reporting,True,201,llama3.2:3b-instruct-q4_K_M,4ec67dc1-3e46-42c5-bdbf-b3ec03262a77,60686.05,35,
10161,Credit card,Credit reporting,False,201,llama3.2:3b-instruct-q4_K_M,a166a978-f12a-4c5d-97ca-344c15a5bbb6,106145.141,36,
10167,Debt collection,Credit reporting,False,201,llama3.2:3b-instruct-q4_K_M,2c68f0a6-5bac-4ebc-ac06-a7e06db1a357,45689.111,37,
10170,Mortgage,Credit reporting,False,201,llama3.2:3b-instruct-q4_K_M,68492a99-78e7-4966-aba6-5e16a8403a8e,22743.408,38,
10174,Mortgage,Mortgage,True,201,llama3.2:3b-instruct-q4_K_M,b22e393e-a2ff-46a4-a1a6-b41ae400fe08,52137.191,39,
10180,Credit reporting,Credit reporting,True,201,llama3.2:3b-instruct-q4_K_M,762bb118-20dd-466e-a9e7-47ad9a2afc8c,44493.774,40,
10187,Debt collection,Debt collection,True,201,llama3.2:3b-instruct-q4_K_M,ffccd5a7-d148-49ca-9134-5eb2addaaef3,96237.8,41,
10190,Credit reporting,Credit reporting,True,201,llama3.2:3b-instruct-q4_K_M,a547524e-136e-425b-9f6d-a5ec25329dfe,48765.903,42,
10191,Bank account or service,Bank account or service,True,201,llama3.2:3b-instruct-q4_K_M,81c22b0c-224d-4c77-b3e3-b8dcf5c66087,33769.777,43,
10192,Consumer loan,Credit reporting,False,201,llama3.2:3b-instruct-q4_K_M,ea7d85a5-b2b9-420e-84ba-4879d7370c78,34201.062,44,
10197,Bank account or service,Bank account or service,True,201,llama3.2:3b-instruct-q4_K_M,dce91adb-87e0-4fe0-83a5-6fb0e1302efc,75501.814,45,
10198,Consumer loan,Credit reporting,False,201,llama3.2:3b-instruct-q4_K_M,5f3f6c27-5a0c-4f6d-99de-9ef961c560f7,75610.186,46,
10201,Mortgage,Credit reporting,False,201,llama3.2:3b-instruct-q4_K_M,173e60e6-0214-42eb-81e6-19d2e458b3ef,93095.143,47,
10203,Mortgage,Mortgage,True,201,llama3.2:3b-instruct-q4_K_M,0fca3a80-57c6-426b-a2e0-931384355e08,94183.151,48,
10210,Credit reporting,Credit reporting,True,201,llama3.2:3b-instruct-q4_K_M,6e6a9bc2-9115-4d52-a5a5-a73b3f12a5dd,44113.678,49,
10212,Credit reporting,Credit reporting,True,201,llama3.2:3b-instruct-q4_K_M,c74abb8b-8f5e-4e82-8497-f8dfaeb99248,26384.837,50,
10225,Mortgage,,False,504,,64ee666d-a58e-4de1-9609-8f0d2f8fbe69,121712.354,,"{'code': 'ollama_timeout', 'message': 'Ollama did not respond in time.'}"
10227,Bank account or service,Credit reporting,False,201,llama3.2:3b-instruct-q4_K_M,c7c72144-36cb-495a-88ef-c8afdc51ec5e,56415.26,51,
10235,Credit card,Credit card,True,201,llama3.2:3b-instruct-q4_K_M,5bcbecd9-96a2-4a07-b14e-30aef78026b2,38650.567,52,
10237,Consumer loan,Credit reporting,False,201,llama3.2:3b-instruct-q4_K_M,e9552a89-c423-4fba-9f39-13412d30353c,66834.067,53,
10246,Credit card,Credit reporting,False,201,llama3.2:3b-instruct-q4_K_M,67450806-00f7-48ec-8074-0250be90cc0f,84531.37,54,
10272,Money transfer or service,,False,504,,6bfc96c5-d7e9-40bf-8866-a15f02746973,121710.922,,"{'code': 'ollama_timeout', 'message': 'Ollama did not respond in time.'}"
10276,Debt collection,Debt collection,True,201,llama3.2:3b-instruct-q4_K_M,d80950b3-856b-4e34-aa0a-425da68b0cd5,86180.457,55,
10298,Credit card,Credit reporting,False,201,llama3.2:3b-instruct-q4_K_M,c2f27528-423a-4ad3-87de-21dd28d63cfc,29037.424,56,
10300,Credit reporting,Credit reporting,True,201,llama3.2:3b-instruct-q4_K_M,b12653c2-839a-45d8-9a3a-9048b6a60611,105846.096,57,
10304,Money transfer or service,Consumer loan,False,201,llama3.2:3b-instruct-q4_K_M,c81c26fd-a615-434a-ab57-8bad8713de93,86938.046,58,
10317,Credit reporting,Credit reporting,True,201,llama3.2:3b-instruct-q4_K_M,6305f299-23ee-4ffc-b2c0-9ca80fad5492,71865.293,59,
10321,Mortgage,,False,504,,6d09e549-3bdd-4643-9841-1ef32d3c9350,120797.51,,"{'code': 'ollama_timeout', 'message': 'Ollama did not respond in time.'}"
10323,Bank account or service,Credit reporting,False,201,llama3.2:3b-instruct-q4_K_M,cb069021-423c-4d53-aa08-8d3ebd7a2482,94061.275,60,
10327,Money transfer or service,Money transfer or service,True,201,llama3.2:3b-instruct-q4_K_M,fc7df37f-663c-47d9-93ce-9fd3bdec83e6,114417.998,61,
10329,Consumer loan,Consumer loan,True,201,llama3.2:3b-instruct-q4_K_M,af279b2b-a107-489e-9252-29f89c60c799,75013.621,62,
10336,Credit card,Credit reporting,False,201,llama3.2:3b-instruct-q4_K_M,c1899a45-38a0-4c6f-be27-b17a5726b052,94451.044,63,
10340,Money transfer or service,Credit card,False,201,llama3.2:3b-instruct-q4_K_M,87806530-a707-46bd-b5f7-62054b135dfa,85568.028,64,
10347,Mortgage,Bank account or service,False,201,llama3.2:3b-instruct-q4_K_M,a94c70b3-e969-4931-abf0-d4137caa1ec9,107519.532,65,
10349,Consumer loan,Credit reporting,False,201,llama3.2:3b-instruct-q4_K_M,ec40456c-27fb-43bb-8a58-060729f5afa6,119490.612,66,
10351,Money transfer or service,Consumer loan,False,201,llama3.2:3b-instruct-q4_K_M,b81f72d6-2b15-4228-8404-bd2a6d739462,56548.322,67,
10358,Consumer loan,Credit reporting,False,201,llama3.2:3b-instruct-q4_K_M,e0139537-0962-4714-804e-97265d688755,97615.217,68,
10359,Credit reporting,Credit reporting,True,201,llama3.2:3b-instruct-q4_K_M,e8198222-7bee-435b-be5b-59ad0c2356c1,82356.216,69,
10362,Credit reporting,Credit reporting,True,201,llama3.2:3b-instruct-q4_K_M,4b71b13c-8724-4f53-8fba-2f8595446fa9,33451.292,70,
10364,Debt collection,Debt collection,True,201,llama3.2:3b-instruct-q4_K_M,366cae59-3ed1-43bd-89ba-f2639278c602,95433.173,71,
10377,Credit reporting,Credit reporting,True,201,llama3.2:3b-instruct-q4_K_M,3d50b2a4-9e0e-4706-ab52-7beabe53daf0,62356.271,72,
10381,Bank account or service,,False,504,,ffe3e226-e487-48ea-a154-1aa03cf54063,120664.963,,"{'code': 'ollama_timeout', 'message': 'Ollama did not respond in time.'}"
10390,Consumer loan,Consumer loan,True,201,llama3.2:3b-instruct-q4_K_M,ef94eea7-1774-47f6-9a27-7d10e851de27,103177.285,73,
10393,Money transfer or service,Credit reporting,False,201,llama3.2:3b-instruct-q4_K_M,1b9b9e41-88c0-4b37-bd8c-c41aa9453d7b,73953.405,74,
10395,Money transfer or service,,False,504,,d0c3e0a5-eeb1-43ef-9b50-7b526e14b560,120684.422,,"{'code': 'ollama_timeout', 'message': 'Ollama did not respond in time.'}"
10398,Credit reporting,Credit reporting,True,201,llama3.2:3b-instruct-q4_K_M,0e69c3e6-e311-4b53-915a-a8188790b2a8,94227.493,75,
10426,Bank account or service,Bank account or service,True,201,llama3.2:3b-instruct-q4_K_M,e65b87e0-2955-4505-a435-75bcc6830938,110839.034,76,
10431,Bank account or service,Credit card,False,201,llama3.2:3b-instruct-q4_K_M,133bfa28-4282-4903-a8ee-4bdb9289adac,100392.265,77,
10435,Consumer loan,Consumer loan,True,201,llama3.2:3b-instruct-q4_K_M,7a418528-940a-46ae-8dc9-a7cb1ca48ec9,97468.323,78,
10438,Money transfer or service,Credit reporting,False,201,llama3.2:3b-instruct-q4_K_M,60c0a86d-7096-4ede-8b2e-0d55c48712b2,94409.103,79,
10439,Debt collection,Credit reporting,False,201,llama3.2:3b-instruct-q4_K_M,8a58b096-c01a-48d0-b778-6f88dce55853,81876.899,80,
10440,Consumer loan,Consumer loan,True,201,llama3.2:3b-instruct-q4_K_M,3fbf80ba-dd2d-4f1f-9e59-b72a749cf4c5,60273.109,81,
10448,Money transfer or service,Bank account or service,False,201,llama3.2:3b-instruct-q4_K_M,648d5cfd-b89d-4941-bdf5-5bafb0506528,50128.655,82,
10452,Credit reporting,Credit reporting,True,201,llama3.2:3b-instruct-q4_K_M,e577b84c-06df-41f1-be56-ebf5af93fdaa,115284.791,83,
10453,Debt collection,Debt collection,True,201,llama3.2:3b-instruct-q4_K_M,86ede49b-43c3-449e-acfe-eba669fbfb6d,91587.913,84,
10454,Mortgage,Credit reporting,False,201,llama3.2:3b-instruct-q4_K_M,48928324-26f3-4b54-813e-126b1a3a6e0a,54585.79,85,
10456,Credit reporting,Credit reporting,True,201,llama3.2:3b-instruct-q4_K_M,4c465e82-70de-47ec-be8d-058b74406be8,84427.953,86,
10457,Credit reporting,Credit reporting,True,201,llama3.2:3b-instruct-q4_K_M,2a1fa475-36a9-4a74-bb32-f9fe3ce8f778,85360.721,87,
10468,Debt collection,Debt collection,True,201,llama3.2:3b-instruct-q4_K_M,881211bf-20a6-4eb3-8fc4-8c93d9726aaa,108410.396,88,
10472,Credit card,Credit reporting,False,201,llama3.2:3b-instruct-q4_K_M,02d297cf-6854-42c7-adb4-e09fdabb740e,88103.119,89,
10473,Mortgage,Credit reporting,False,201,llama3.2:3b-instruct-q4_K_M,ef735b56-03b1-47da-a333-434400d5cdcf,58104.082,90,
10475,Credit reporting,Credit reporting,True,201,llama3.2:3b-instruct-q4_K_M,dcb7ce53-e318-4127-ae42-ee32729451a2,106159.727,91,
10483,Bank account or service,Debt collection,False,201,llama3.2:3b-instruct-q4_K_M,81254978-a686-4ea4-8308-83b3ad2ab4b4,106421.138,92,
10486,Bank account or service,Bank account or service,True,201,llama3.2:3b-instruct-q4_K_M,eb7dbe04-817a-4090-9196-790bad683bc8,100140.916,93,
10492,Bank account or service,,False,504,,05ba6af3-cb3c-4951-9682-7bef7e4ff5a4,120750.742,,"{'code': 'ollama_timeout', 'message': 'Ollama did not respond in time.'}"
10504,Bank account or service,Bank account or service,True,201,llama3.2:3b-instruct-q4_K_M,5aca7db7-1cde-4f5f-baf6-df59b549db21,113432.366,94,
10510,Consumer loan,Consumer loan,True,201,llama3.2:3b-instruct-q4_K_M,1d3d2c81-12b8-4ad4-a1d3-2ec21f5fdc42,89064.311,95,
10513,Bank account or service,Bank account or service,True,201,llama3.2:3b-instruct-q4_K_M,ba00aa3e-80d1-4f5a-9d13-6088c4060ab0,117730.428,96,
10518,Credit card,Credit reporting,False,201,llama3.2:3b-instruct-q4_K_M,2167f05f-2530-4276-bead-027960c0983a,95358.223,97,
10526,Mortgage,Mortgage,True,201,llama3.2:3b-instruct-q4_K_M,26cecd76-5f8b-4ddb-ba9b-7471819a8a11,108847.287,98,
10529,Money transfer or service,Credit reporting,False,201,llama3.2:3b-instruct-q4_K_M,984bee7c-a3ab-4064-8fc7-420e4dbaa9e1,102515.523,99,
10530,Bank account or service,Bank account or service,True,201,llama3.2:3b-instruct-q4_K_M,067f1666-851a-4e3c-930d-b1e8cadadcf8,102448.8,100,
10553,Mortgage,Mortgage,True,201,llama3.2:3b-instruct-q4_K_M,27555748-0c6d-47f4-a449-925b90db6cd1,100893.311,101,
10558,Credit card,Credit reporting,False,201,llama3.2:3b-instruct-q4_K_M,646a9866-814b-407c-9869-d71f2b21bd28,98482.794,102,
10560,Bank account or service,Bank account or service,True,201,llama3.2:3b-instruct-q4_K_M,941deec6-4e00-4dbe-af81-3092f7047f73,93375.082,103,
10569,Bank account or service,Credit reporting,False,201,llama3.2:3b-instruct-q4_K_M,962cb65b-9b57-4092-b8c1-8d7a54f82797,97627.855,104,
10578,Credit reporting,Credit reporting,True,201,llama3.2:3b-instruct-q4_K_M,ffbc446b-f8b6-40d9-b2dd-64f54658de8e,93628.857,105,
10583,Credit reporting,Credit reporting,True,201,llama3.2:3b-instruct-q4_K_M,f70a5205-d9cf-4e31-929b-fc8621b55ecf,51708.465,106,
10584,Debt collection,Credit reporting,False,201,llama3.2:3b-instruct-q4_K_M,3b1da234-6658-4477-b4aa-a78ddac4e3b8,67516.534,107,
10587,Money transfer or service,Bank account or service,False,201,llama3.2:3b-instruct-q4_K_M,bd7fb765-2337-4b37-ad52-3b5a9f8e0ff3,80828.347,108,
10589,Credit reporting,Credit reporting,True,201,llama3.2:3b-instruct-q4_K_M,e20cadad-7526-406f-8f94-0b97f74f1302,114520.569,109,
10591,Money transfer or service,Credit reporting,False,201,llama3.2:3b-instruct-q4_K_M,60287a2b-e139-4cc7-ab64-253c617d1311,45025.32,110,
10601,Credit reporting,Credit reporting,True,201,llama3.2:3b-instruct-q4_K_M,39789752-2e04-4ec2-8bcc-ea2fd3683158,71557.481,111,
10613,Consumer loan,Consumer loan,True,201,llama3.2:3b-instruct-q4_K_M,45fce175-279a-4a15-98a8-8c26b55479ca,94274.202,112,
10640,Debt collection,Debt collection,True,201,llama3.2:3b-instruct-q4_K_M,fded75ac-b037-4688-8ddd-57101aa4bb93,113568.147,113,
10654,Mortgage,Credit reporting,False,201,llama3.2:3b-instruct-q4_K_M,147f37d1-c0bc-403c-be4f-d04c1ef78b07,84407.467,114,
10657,Money transfer or service,,False,504,,2bf05c6f-4739-4f0e-b994-8dece9892299,121021.025,,"{'code': 'ollama_timeout', 'message': 'Ollama did not respond in time.'}"
10663,Bank account or service,Credit reporting,False,201,llama3.2:3b-instruct-q4_K_M,a078ce92-0ff1-4bd9-bdd5-1a9147c07d6e,65112.311,115,
10682,Credit card,Credit reporting,False,201,llama3.2:3b-instruct-q4_K_M,cd7aa034-5e7d-483d-adf5-20ac6a65dbe2,72479.462,116,
10683,Money transfer or service,Bank account or service,False,201,llama3.2:3b-instruct-q4_K_M,20432065-37d8-4762-b7fa-621e3859846b,46843.325,117,
10686,Credit reporting,Credit reporting,True,201,llama3.2:3b-instruct-q4_K_M,599bf459-618c-468a-843b-3a59a51e6454,98376.223,118,
10700,Mortgage,Consumer loan,False,201,llama3.2:3b-instruct-q4_K_M,d3e01f53-aa1d-403c-aeed-7425d68804e3,79855.606,119,
10701,Credit card,Credit reporting,False,201,llama3.2:3b-instruct-q4_K_M,f7c070c5-d47c-4283-8013-dd5a27c8671a,88831.726,120,
10703,Bank account or service,Bank account or service,True,201,llama3.2:3b-instruct-q4_K_M,79762d70-3879-4481-894c-17c432c28246,80281.342,121,
10709,Mortgage,Credit reporting,False,201,llama3.2:3b-instruct-q4_K_M,73c45030-19a7-497c-ac30-0ed8140313e5,94640.775,122,
10723,Debt collection,Credit reporting,False,201,llama3.2:3b-instruct-q4_K_M,bdd1fe2e-f3b5-402c-b813-56b48faccbbb,79131.699,123,
10732,Bank account or service,Bank account or service,True,201,llama3.2:3b-instruct-q4_K_M,08aa2caf-0d18-44c9-8721-b4ba8175ce27,83293.264,124,
10739,Money transfer or service,Credit card,False,201,llama3.2:3b-instruct-q4_K_M,7bb981ad-0a70-434f-9416-051b503d145a,116439.274,125,
10755,Debt collection,Credit reporting,False,201,llama3.2:3b-instruct-q4_K_M,2d3967b3-4fd3-4c70-bb71-2805caa0cd0c,97253.248,126,
10769,Credit reporting,Credit reporting,True,201,llama3.2:3b-instruct-q4_K_M,20a33d67-b948-4b8f-800a-325fa1dc2fc2,84562.415,127,
10775,Credit reporting,Credit reporting,True,201,llama3.2:3b-instruct-q4_K_M,597de37b-45e0-4552-bc96-8c86cb71df16,120458.81,128,
10780,Money transfer or service,Credit reporting,False,201,llama3.2:3b-instruct-q4_K_M,63de21cc-7244-4ad7-96ee-e90df7628eea,107341.654,129,
10788,Bank account or service,Bank account or service,True,201,llama3.2:3b-instruct-q4_K_M,41307a6e-6719-4be6-b0eb-816af11fd3b7,107696.26,130,
10791,Mortgage,,False,504,,2e31c539-b872-4ab4-8f41-2702d6da7147,120753.632,,"{'code': 'ollama_timeout', 'message': 'Ollama did not respond in time.'}"
10793,Credit card,Credit card,True,201,llama3.2:3b-instruct-q4_K_M,4873d8b7-55aa-47da-9c91-399cc6c32345,105429.535,131,
10796,Consumer loan,Consumer loan,True,201,llama3.2:3b-instruct-q4_K_M,5155dfdc-1be7-446b-91b2-8806d3103ac9,64900.731,132,
10797,Credit reporting,,False,504,,8846c520-6185-4e6d-8585-50584212e8e4,121057.714,,"{'code': 'ollama_timeout', 'message': 'Ollama did not respond in time.'}"
10798,Credit card,Credit reporting,False,201,llama3.2:3b-instruct-q4_K_M,af364dfb-91f3-48f3-9867-3e21caf456e9,111368.061,133,
10800,Bank account or service,Bank account or service,True,201,llama3.2:3b-instruct-q4_K_M,787377ae-6ed7-466b-b6f5-f33fe53ce730,116515.213,134,
10812,Bank account or service,Bank account or service,True,201,llama3.2:3b-instruct-q4_K_M,9360a4aa-259e-414d-92b2-653cf2a0263f,110523.951,135,
10813,Mortgage,Credit reporting,False,201,llama3.2:3b-instruct-q4_K_M,08c2ff3c-e8fa-4faf-833c-71e1358e9841,89174.564,136,
10814,Mortgage,,False,504,,9266e635-c2ac-4c2e-8667-d0635c41a338,120842.306,,"{'code': 'ollama_timeout', 'message': 'Ollama did not respond in time.'}"
10819,Bank account or service,Bank account or service,True,201,llama3.2:3b-instruct-q4_K_M,c585d681-fcac-4bd1-869b-56e370a7547a,105202.126,137,
10828,Money transfer or service,Credit reporting,False,201,llama3.2:3b-instruct-q4_K_M,331f47a4-4a21-47d2-9d92-d333e1d350cf,52337.235,138,
10834,Credit reporting,Credit reporting,True,201,llama3.2:3b-instruct-q4_K_M,2e657379-dd38-411b-bf3a-1659a34b9a29,49672.885,139,
10835,Credit card,Credit reporting,False,201,llama3.2:3b-instruct-q4_K_M,7383873f-00e6-4c8e-a80b-ef8bae0796d0,28538.088,140,
10842,Credit reporting,Credit reporting,True,201,llama3.2:3b-instruct-q4_K_M,78f43ae1-ef0e-4fe0-80b0-7ee5b56c8c44,66448.401,141,
10853,Consumer loan,Credit reporting,False,201,llama3.2:3b-instruct-q4_K_M,5be037a2-58b3-457b-b1b8-228d10dee34e,66076.74,142,
10863,Bank account or service,Credit reporting,False,201,llama3.2:3b-instruct-q4_K_M,cf886a3f-b259-4d5b-908d-b9c3e1700ab9,32967.845,143,
10871,Credit card,Credit card,True,201,llama3.2:3b-instruct-q4_K_M,88ee094f-b26b-4501-b8f0-b186ba3cdede,48499.75,144,
10876,Debt collection,Debt collection,True,201,llama3.2:3b-instruct-q4_K_M,26409937-6835-4d06-81cc-59945220ded5,29628.27,145,
10879,Debt collection,Debt collection,True,201,llama3.2:3b-instruct-q4_K_M,dbb78bb2-d3aa-4e7c-87f7-29d3918ef1df,49330.846,146,
10887,Credit reporting,Credit reporting,True,201,llama3.2:3b-instruct-q4_K_M,065c45c8-4c68-4e04-9aae-b56b0fc40fd1,53085.148,147,
10904,Consumer loan,Consumer loan,True,201,llama3.2:3b-instruct-q4_K_M,ce1a4936-5db7-4c48-90eb-3d027fcdb93e,88901.661,148,
10907,Mortgage,Credit reporting,False,201,llama3.2:3b-instruct-q4_K_M,272c8377-4408-429e-93e1-0c09f4cb13bf,58185.661,149,
10908,Bank account or service,Bank account or service,True,201,llama3.2:3b-instruct-q4_K_M,eeb9300c-4afe-4b42-9922-3252aadbf7c4,37103.311,150,
10909,Debt collection,Debt collection,True,201,llama3.2:3b-instruct-q4_K_M,e2b62fc8-5257-46f2-9c21-a0b62a30f6fe,34995.253,151,
10916,Credit reporting,Credit reporting,True,201,llama3.2:3b-instruct-q4_K_M,fa4c1547-bd82-43db-8948-c3530ccd603a,41077.654,152,
10917,Credit card,Credit reporting,False,201,llama3.2:3b-instruct-q4_K_M,11f9eca2-c70c-4cc1-addf-00fce9e1a101,41708.285,153,
10920,Bank account or service,Bank account or service,True,201,llama3.2:3b-instruct-q4_K_M,f582936a-dbe4-4a2f-93a0-5fb6132bce1d,100978.307,154,
10945,Credit card,Credit reporting,False,201,llama3.2:3b-instruct-q4_K_M,27b16d13-fefc-4929-ac15-e7605e33c50e,91792.602,155,
10947,Consumer loan,Credit reporting,False,201,llama3.2:3b-instruct-q4_K_M,86bc4d3a-6d7d-4aa0-b0fc-858e378256ed,36569.972,156,
10949,Mortgage,Mortgage,True,201,llama3.2:3b-instruct-q4_K_M,383be3ee-b093-429e-a8d6-82e28894f7dc,87723.151,157,
10951,Credit card,Money transfer or service,False,201,llama3.2:3b-instruct-q4_K_M,75eec44b-2672-4916-805d-187a77b64adb,56388.253,158,
10955,Money transfer or service,Bank account or service,False,201,llama3.2:3b-instruct-q4_K_M,0e7bec3b-c470-4a7c-9656-39dc11953719,30943.016,159,
10956,Debt collection,Debt collection,True,201,llama3.2:3b-instruct-q4_K_M,7f0fc659-6b0c-4ea1-8ffc-47589c13d4e5,52706.046,160,
10964,Credit reporting,Credit reporting,True,201,llama3.2:3b-instruct-q4_K_M,5c9e92bc-3ac3-4624-9111-5a2ab80d4613,54978.243,161,
10974,Mortgage,Mortgage,True,201,llama3.2:3b-instruct-q4_K_M,97f493ec-1151-4183-bb95-326e3f3dbf77,33264.202,162,
10976,Credit reporting,Credit reporting,True,201,llama3.2:3b-instruct-q4_K_M,cea3b926-6d7f-4eeb-a2b4-8a2192a0473f,66759.482,163,
10981,Credit card,Credit reporting,False,201,llama3.2:3b-instruct-q4_K_M,4a7c40ae-ec43-47a5-8d63-566e9de2d4c1,86112.155,164,
10986,Consumer loan,Credit reporting,False,201,llama3.2:3b-instruct-q4_K_M,bfcf97a8-03d4-4299-b297-e98f58b1b7b8,49617.873,165,
